1,Vũ Tùng Lâm,lam.vu@example.com
2,Nguyễn Thị Hồng,hong.nguyen@example.com
3,Trần Văn An,an.tran@example.com
4,Phạm Thị Bích,bich.pham@example.com
5,Đỗ Minh Tuấn,tuan.do@example.com
6,Hoàng Hải Yến,yen.hoang@example.com
7,Lê Văn Duy,duy.le@example.com
8,Trương Ngọc Ánh,anh.truong@example.com
9,Đinh Quang Vinh,vinh.dinh@example.com
10,Bùi Mai Hương,huong.bui@example.com
11,Ngô Thanh Tùng,tung.ngo@example.com
12,Phan Thị Diễm,diem.phan@example.com
13,Lâm Hữu Nghĩa,nghia.lam@example.com
14,Mai Văn Long,long.mai@example.com
15,Nguyễn Thúy Vân,van.nguyen@example.com
16,Trần Hữu Phúc,phuc.tran@example.com
17,Vũ Thị Huyền,huyen.vu@example.com
18,Phạm Văn Dũng,dung.pham@example.com
19,Lê Hải Nam,nam.le@example.com
20,Đỗ Thị Thu,thu.do@example.com
21,Hoàng Văn Thái,thai.hoang@example.com
22,Bùi Thanh Trà,tra.bui@example.com
23,Ngô Văn Thắng,thang.ngo@example.com
24,Phan Thị Thúy,thuy.phan@example.com
25,Lâm Văn Thức,thuc.lam@example.com
26,Mai Thị Thanh,thanh.mai@example.com
27,Nguyễn Duy Khánh,khanh.nguyen@example.com
28,Trần Thị Mỹ,my.tran@example.com
29,Vũ Văn Cường,cuong.vu@example.com
30,Phạm Thị Kim,kim.pham@example.com
31,Lê Văn Kiên,kien.le@example.com
32,Đỗ Thị Thu Hà,ha.do@example.com
33,Hoàng Văn Mạnh,manh.hoang@example.com
34,Bùi Thị Vân,van.bui@example.com
35,Ngô Duy Phương,phuong.ngo@example.com
36,Phan Thị Ngọc,ngoc.phan@example.com
37,Lâm Văn Khang,khang.lam@example.com
38,Mai Thị Bích,bich.mai@example.com
39,Nguyễn Văn Hưng,hung.nguyen@example.com
40,Trần Thị Thu Thảo,thao.tran@example.com
41,Vũ Văn Thắng,thang.vu@example.com
42,Phạm Duy Nam,nam.pham@example.com
43,Lê Thị Kim,kim.le@example.com
44,Đỗ Văn Tùng,tung.do@example.com
45,Hoàng Thị Thúy,thuy.hoang@example.com
46,Bùi Văn Hiếu,hieu.bui@example.com
47,Ngô Thị Yến,yen.ngo@example.com
48,Phan Văn Quang,quang.phan@example.com
49,Lâm Thị Diệp,diep.lam@example.com
50,Mai Văn Dũng,dung.mai@example.com
51,Nguyễn Văn Lộc,loc.nguyen@example.com
52,Trần Thị Ánh,anh.tran@example.com
53,Vũ Văn Kiên,kien.vu@example.com
54,Phạm Thị Hà,ha.pham@example.com
55,Lê Văn Cường,cuong.le@example.com
56,Đỗ Thị Mai,mai.do@example.com
57,Hoàng Văn Thảo,thao.hoang@example.com
58,Bùi Thị Hồng,hong.bui@example.com
59,Ngô Văn Minh,minh.ngo@example.com
60,Phan Thị Anh,anh.phan@example.com
61,Lâm Văn Duy,duy.lam@example.com
62,Mai Thị Loan,loan.mai@example.com
63,Nguyễn Thị Thanh,thanh.nguyen@example.com
64,Trần Văn Phúc,phuc.tran@example.com
65,Vũ Thị Nga,nga.vu@example.com
66,Phạm Văn Khang,khang.pham@example.com
67,Lê Thị Thu,thu.le@example.com
68,Đỗ Văn Lâm,lam.do@example.com
69,Hoàng Thị Thanh,thanh.hoang@example.com
70,Bùi Văn Thắng,thang.bui@example.com
71,Ngô Thị Thủy,thuy.ngo@example.com
72,Phan Văn Toàn,toan.phan@example.com
73,Lâm Thị Kim,kim.lam@example.com
74,Mai Văn Hiệp,hiep.mai@example.com
75,Nguyễn Thị Huyền,huyen.nguyen@example.com
76,Trần Văn Long,long.tran@example.com
77,Vũ Thị Thảo,thao.vu@example.com
78,Phạm Văn Nam,nam.pham@example.com
79,Lê Thị Thu Thủy,thuy.le@example.com
80,Đỗ Văn Hiếu,hieu.do@example.com
81,Hoàng Thị Mai,mai.hoang@example.com
82,Bùi Văn Hùng,hung.bui@example.com
83,Ngô Thị Anh,anh.ngo@example.com
84,Phan Văn Đạt,dat.phan@example.com
85,Lâm Thị Thúy,thuy.lam@example.com
86,Mai Văn Lộc,loc.mai@example.com
87,Nguyễn Thị Kim Ngân,ngan.nguyen@example.com
88,Trần Văn Huy,huy.tran@example.com
89,Vũ Thị Hà,ha.vu@example.com
90,Phạm Văn Cường,cuong.pham@example.com
91,Lê Thị Linh,linh.le@example.com
92,Đỗ Văn Hiệp,hiep.do@example.com
93,Hoàng Thị Phương,phuong.hoang@example.com
94,Bùi Văn Quyền,quyen.bui@example.com
95,Ngô Thị Ngọc,ngoc.ngo@example.com
96,Phan Văn Tùng,tung.phan@example.com
97,Lâm Thị Bích,bich.lam@example.com
98,Mai Văn Thắng,thang.mai@example.com
99,Nguyễn Thị Hoài,hoai.nguyen@example.com
100,Trần Văn Minh,minh.tran@example.com
101,Vũ Văn Quang,quang.vu@example.com
102,Phạm Thị Dung,dung.pham@example.com
103,Lê Văn Thảo,thao.le@example.com
104,Đỗ Thị Hằng,hang.do@example.com
105,Hoàng Văn Toàn,toan.hoang@example.com
106,Bùi Thị Hồng Nhung,nhung.bui@example.com
107,Ngô Văn Thắng,thang.ngo@example.com
108,Phan Thị Thủy Tiên,tien.phan@example.com
109,Lâm Văn Sỹ,sy.lam@example.com
110,Mai Thị Hoa,hoa.mai@example.com
111,Nguyễn Văn Long,long.nguyen@example.com
112,Trần Thị Ngọc,ngoc.tran@example.com
113,Vũ Văn Dũng,dung.vu@example.com
114,Phạm Thị Bích Ngọc,ngoc.pham@example.com
115,Lê Văn Phúc,phuc.le@example.com
116,Đỗ Thị Mai Hương,huong.do@example.com
117,Hoàng Văn Hiếu,hieu.hoang@example.com
118,Bùi Thị Kim,kim.bui@example.com
119,Ngô Văn Kiên,kien.ngo@example.com
120,Phan Thị Lan Anh,anh.phan@example.com
121,Lâm Văn Minh,minh.lam@example.com
122,Mai Thị Hồng,hong.mai@example.com
123,Nguyễn Văn Anh,anh.nguyen@example.com
124,Trần Thị Cúc,cuc.tran@example.com
125,Vũ Văn Duy,duy.vu@example.com
126,Phạm Thị Thanh,thanh.pham@example.com
127,Lê Văn Nam,nam.le@example.com
128,Đỗ Thị Phương,phuong.do@example.com
129,Hoàng Văn Quý,quy.hoang@example.com
130,Bùi Thị Thảo,thao.bui@example.com
131,Ngô Văn Đức,duc.ngo@example.com
132,Phan Thị Hạnh,hanh.phan@example.com
133,Lâm Văn Hiệp,hiep.lam@example.com
134,Mai Thị Thúy,thuy.mai@example.com
135,Nguyễn Văn Sang,sang.nguyen@example.com
136,Trần Thị Yến,yen.tran@example.com
137,Vũ Văn Trường,truong.vu@example.com
138,Phạm Thị Lan,lan.pham@example.com
139,Lê Văn Hưng,hung.le@example.com
140,Đỗ Thị Ngọc,ngoc.do@example.com
141,Hoàng Văn Lộc,loc.hoang@example.com
142,Bùi Thị Linh,linh.bui@example.com
143,Ngô Văn Tuấn,tuan.ngo@example.com
144,Phan Thị Thủy,thuy.phan@example.com
145,Lâm Văn Trí,tri.lam@example.com
146,Mai Thị Kim,kim.mai@example.com
147,Nguyễn Văn Mạnh,manh.nguyen@example.com
148,Trần Thị Trang,trang.tran@example.com
149,Vũ Văn Sỹ,sy.vu@example.com
150,Phạm Thị Cẩm,cam.pham@example.com
151,Lê Văn Thắng,thang.le@example.com
152,Đỗ Thị Nga,nga.do@example.com
153,Hoàng Văn Dũng,dung.hoang@example.com
154,Bùi Thị Mai,mai.bui@example.com
155,Ngô Văn Thạch,thach.ngo@example.com
156,Phan Thị Tuyết,tuyet.phan@example.com
157,Lâm Văn Hải,hai.lam@example.com
158,Mai Thị Duyên,duyen.mai@example.com
159,Nguyễn Văn Quyết,quyet.nguyen@example.com
160,Trần Thị Lan,lan.tran@example.com
161,Vũ Văn Trung,trung.vu@example.com
162,Phạm Thị Bích,bich.pham@example.com
163,Lê Văn Hùng,hung.le@example.com
164,Đỗ Thị Thúy,thuy.do@example.com
165,Hoàng Văn Anh,anh.hoang@example.com
166,Bùi Thị Hằng,hang.bui@example.com
167,Ngô Văn Hòa,hoa.ngo@example.com
168,Phan Thị Tuyết Mai,mai.phan@example.com
169,Lâm Văn Trường,truong.lam@example.com
170,Mai Thị Thủy,thuy.mai@example.com
171,Nguyễn Văn Bảo,bao.nguyen@example.com
172,Trần Thị Lệ,le.tran@example.com
173,Vũ Văn Cường,cuong.vu@example.com
174,Phạm Thị Hà,ha.pham@example.com
175,Lê Văn Hậu,hau.le@example.com
176,Đỗ Thị Diệu,dieu.do@example.com
177,Hoàng Văn Minh,minh.hoang@example.com
178,Bùi Thị Thanh,thanh.bui@example.com
179,Ngô Văn Hải,hai.ngo@example.com
180,Phan Thị Thu,thu.phan@example.com
181,Lâm Văn Sơn,son.lam@example.com
182,Mai Thị Thu,thu.mai@example.com
183,Nguyễn Văn Duy,duy.nguyen@example.com
184,Trần Thị Thúy,thuy.tran@example.com
185,Vũ Văn Khoa,khoa.vu@example.com
186,Phạm Thị Hồng,hong.pham@example.com
187,Lê Văn Quang,quang.le@example.com
188,Đỗ Thị Vân Anh,anh.do@example.com
189,Hoàng Văn Long,long.hoang@example.com
190,Bùi Thị Cúc,cuc.bui@example.com
191,Ngô Văn Hiếu,hieu.ngo@example.com
192,Phan Thị Mai,mai.phan@example.com
193,Lâm Văn Khang,khang.lam@example.com
194,Mai Thị Thảo,thao.mai@example.com
195,Nguyễn Văn Tùng,tung.nguyen@example.com
196,Trần Thị Hoài,hoai.tran@example.com
197,Vũ Văn Hiệp,hiep.vu@example.com
198,Phạm Thị Linh,linh.pham@example.com
199,Lê Văn Dũng,dung.le@example.com
200,Đỗ Thị Diễm,diem.do@example.com
201,Hoàng Văn Hải,hai.hoang@example.com
202,Bùi Thị Thanh Thảo,thao.bui@example.com
203,Ngô Văn Cường,cuong.ngo@example.com
204,Phan Thị Thùy,thuy.phan@example.com
205,Lâm Văn Quang,quang.lam@example.com
206,Mai Thị Yến,yen.mai@example.com
207,Nguyễn Văn Khải,khai.nguyen@example.com
208,Trần Thị Ánh Hồng,hong.tran@example.com
209,Vũ Văn Tú,tu.vu@example.com
210,Phạm Thị Huyền,huyen.pham@example.com
211,Lê Văn An,an.le@example.com
212,Đỗ Thị Nga,nga.do@example.com
213,Hoàng Văn Thịnh,thinh.hoang@example.com
214,Bùi Thị Thúy,thuy.bui@example.com
215,Ngô Văn Phúc,phuc.ngo@example.com
216,Phan Thị Lan,lan.phan@example.com
217,Lâm Văn Hùng,hung.lam@example.com
218,Mai Thị Bích,bich.mai@example.com
219,Nguyễn Văn Thắng,thang.nguyen@example.com
220,Trần Thị Mai,mai.tran@example.com
221,Vũ Văn Lộc,loc.vu@example.com
222,Phạm Thị Thủy,thuy.pham@example.com
223,Lê Văn Tuấn,tuan.le@example.com
224,Đỗ Thị Mai Hương,huong.do@example.com
225,Hoàng Văn Mạnh,manh.hoang@example.com
226,Bùi Thị Diễm,diem.bui@example.com
227,Ngô Văn Long,long.ngo@example.com
228,Phan Thị Quyên,quyen.phan@example.com
229,Lâm Văn Hoàng,hoang.lam@example.com
230,Mai Thị Thảo,thao.mai@example.com
231,Nguyễn Văn Đức,duc.nguyen@example.com
232,Trần Thị Linh,linh.tran@example.com
233,Vũ Văn Khang,khang.vu@example.com
234,Phạm Thị Thu Thảo,thao.pham@example.com
235,Lê Văn Hiếu,hieu.le@example.com
236,Đỗ Thị Hồng,hong.do@example.com
237,Hoàng Văn Quyết,quyet.hoang@example.com
238,Bùi Thị Hoa,hoa.bui@example.com
239,Ngô Văn Huy,huy.ngo@example.com
240,Phan Thị Tuyết,tuyet.phan@example.com
241,Lâm Văn Sang,sang.lam@example.com
242,Mai Thị Thu,thu.mai@example.com
243,Nguyễn Văn Hùng,hung.nguyen@example.com
244,Trần Thị Yến,yen.tran@example.com
245,Vũ Văn Hiệp,hiep.vu@example.com
246,Phạm Thị Lan,lan.pham@example.com
247,Lê Văn Minh,minh.le@example.com
248,Đỗ Thị Mai Anh,anh.do@example.com
249,Hoàng Văn Kiên,kien.hoang@example.com
250,Bùi Thị Thảo,thao.bui@example.com
251,Ngô Văn Dũng,dung.ngo@example.com
252,Phan Thị Anh,anh.phan@example.com
253,Lâm Văn Duy,duy.lam@example.com
254,Mai Thị Thủy,thuy.mai@example.com
255,Nguyễn Văn Cường,cuong.nguyen@example.com
256,Trần Thị Ngọc Ánh,anh.tran@example.com
257,Vũ Văn Quang,quang.vu@example.com
258,Phạm Thị Thúy,thuy.pham@example.com
259,Lê Văn Đức,duc.le@example.com
260,Đỗ Thị Kiều,kieu.do@example.com
261,Hoàng Văn Dũng,dung.hoang@example.com
262,Bùi Thị Thảo,thao.bui@example.com
263,Ngô Văn Hùng,hung.ngo@example.com
264,Phan Thị Thúy,thuy.phan@example.com
265,Lâm Văn Hiệp,hiep.lam@example.com
266,Mai Thị Hồng,hong.mai@example.com
267,Nguyễn Văn Thắng,thang.nguyen@example.com
268,Trần Thị Huyền,huyen.tran@example.com
269,Vũ Văn Phúc,phuc.vu@example.com
270,Phạm Thị Thu,thu.pham@example.com
271,Lê Văn Tùng,tung.le@example.com
272,Đỗ Thị Thúy Hằng,hang.do@example.com
273,Hoàng Văn Hiếu,hieu.hoang@example.com
274,Bùi Thị Hoa,hoa.bui@example.com
275,Ngô Văn Linh,linh.ngo@example.com
276,Phan Thị Thùy,thuy.phan@example.com
277,Lâm Văn Long,long.lam@example.com
278,Mai Thị Kim,kim.mai@example.com
279,Nguyễn Văn An,an.nguyen@example.com
280,Trần Thị Thanh,thanh.tran@example.com
281,Vũ Văn Nam,nam.vu@example.com
282,Phạm Thị Trang,trang.pham@example.com
283,Lê Văn Đạt,dat.le@example.com
284,Đỗ Thị Mai,mai.do@example.com
285,Hoàng Văn Quý,quy.hoang@example.com
286,Bùi Thị Kim,kim.bui@example.com
287,Ngô Văn Lộc,loc.ngo@example.com
288,Phan Thị Tuyết,tuyet.phan@example.com
289,Lâm Văn Sang,sang.lam@example.com
290,Mai Thị Lan,lan.mai@example.com
291,Nguyễn Văn Dũng,dung.nguyen@example.com
292,Trần Thị Bích,bich.tran@example.com
293,Vũ Văn Kiên,kien.vu@example.com
294,Phạm Thị Thủy,thuy.pham@example.com
295,Lê Văn Lực,luc.le@example.com
296,Đỗ Thị Thanh,thanh.do@example.com
297,Hoàng Văn Đạt,dat.hoang@example.com
298,Bùi Thị Thu Thủy,thuy.bui@example.com
299,Ngô Văn Thắng,thang.ngo@example.com
300,Phan Thị Mai,mai.phan@example.com
301,Lâm Văn Hải,hai.lam@example.com
302,Mai Thị Huyền,huyen.mai@example.com
303,Nguyễn Văn Hiếu,hieu.nguyen@example.com
304,Trần Thị Tuyết,tuyet.tran@example.com
305,Vũ Văn Mạnh,manh.vu@example.com
306,Phạm Thị Anh,anh.pham@example.com
307,Lê Văn Quang,quang.le@example.com
308,Đỗ Thị Phương,phuong.do@example.com
309,Hoàng Văn Trung,trung.hoang@example.com
310,Bùi Thị Diệu,dieu.bui@example.com
311,Ngô Văn Thúy,thuy.ngo@example.com
312,Phan Thị Yến,yen.phan@example.com
313,Lâm Văn An,an.lam@example.com
314,Mai Thị Bích,bich.mai@example.com
315,Nguyễn Văn Phúc,phuc.nguyen@example.com
316,Trần Thị Ngọc Anh,anh.tran@example.com
317,Vũ Văn Tuấn,tuan.vu@example.com
318,Phạm Thị Mai,mai.pham@example.com
319,Lê Văn Hùng,hung.le@example.com
320,Đỗ Thị Thúy,thuy.do@example.com
321,Hoàng Văn Dũng,dung.hoang@example.com
322,Bùi Thị Linh,linh.bui@example.com
323,Ngô Văn Thành,thanh.ngo@example.com
324,Phan Thị Huệ,hue.phan@example.com
325,Lâm Văn Hiệp,hiep.lam@example.com
326,Mai Thị Hà,ha.mai@example.com
327,Nguyễn Văn Duy,duy.nguyen@example.com
328,Trần Thị Quỳnh,quynh.tran@example.com
329,Vũ Văn Tùng,tung.vu@example.com
330,Phạm Thị Hoa,hoa.pham@example.com
331,Lê Văn Minh,minh.le@example.com
332,Đỗ Thị Nga,nga.do@example.com
333,Hoàng Văn Quý,quy.hoang@example.com
334,Bùi Thị Lan,lan.bui@example.com
335,Ngô Văn Tú,tu.ngo@example.com
336,Phan Thị Phương,phuong.phan@example.com
337,Lâm Văn Trường,truong.lam@example.com
338,Mai Thị Bích,bich.mai@example.com
339,Nguyễn Văn An,an.nguyen@example.com
340,Trần Thị Trang,trang.tran@example.com
341,Vũ Văn Dũng,dung.vu@example.com
342,Phạm Thị Thảo,thao.pham@example.com
343,Lê Văn Hiếu,hieu.le@example.com
344,Đỗ Thị Thanh,thanh.do@example.com
345,Hoàng Văn Lộc,loc.hoang@example.com
346,Bùi Thị Mai,mai.bui@example.com
347,Ngô Văn Dũng,dung.ngo@example.com
348,Phan Thị Linh,linh.phan@example.com
349,Lâm Văn Cường,cuong.lam@example.com
350,Mai Thị Thúy,thuy.mai@example.com
351,Nguyễn Văn Anh,anh.nguyen@example.com
352,Trần Thị Ngọc,ngoc.tran@example.com
353,Vũ Văn Trung,trung.vu@example.com
354,Phạm Thị Hải,hai.pham@example.com
355,Lê Văn Khang,khang.le@example.com
356,Đỗ Thị Yến,yen.do@example.com
357,Hoàng Văn Sang,sang.hoang@example.com
358,Bùi Thị Bích,bich.bui@example.com
359,Ngô Văn Duy,duy.ngo@example.com
360,Phan Thị Thúy,thuy.phan@example.com
361,Lâm Văn Hùng,hung.lam@example.com
362,Mai Thị Huyền,huyen.mai@example.com
363,Nguyễn Văn Thành,thanh.nguyen@example.com
364,Trần Thị Thúy,thuy.tran@example.com
365,Vũ Văn Kiên,kien.vu@example.com
366,Phạm Thị Minh,minh.pham@example.com
367,Lê Văn Quân,quan.le@example.com
368,Đỗ Thị Kim,kim.do@example.com
369,Hoàng Văn Thiện,thien.hoang@example.com
370,Bùi Thị Thúy,thuy.bui@example.com
371,Ngô Văn Nam,nam.ngo@example.com
372,Phan Thị Trà,tra.phan@example.com
373,Lâm Văn Thắng,thang.lam@example.com
374,Mai Thị Thảo,thao.mai@example.com
375,Nguyễn Văn Lộc,loc.nguyen@example.com
376,Trần Thị Diệu,dieu.tran@example.com
377,Vũ Văn Đạt,dat.vu@example.com
378,Phạm Thị Vân,van.pham@example.com
379,Lê Văn Hiệp,hiep.le@example.com
380,Đỗ Thị Thúy,thuy.do@example.com
381,Hoàng Văn Quyết,quyet.hoang@example.com
382,Bùi Thị Linh,linh.bui@example.com
383,Ngô Văn Hoàng,hoang.ngo@example.com
384,Phan Thị Cẩm,cam.phan@example.com
385,Lâm Văn Long,long.lam@example.com
386,Mai Thị Kim,kim.mai@example.com
387,Nguyễn Văn Đạt,dat.nguyen@example.com
388,Trần Thị Thủy,thuy.tran@example.com
389,Vũ Văn Cường,cuong.vu@example.com
390,Phạm Thị Thu,thu.pham@example.com
391,Lê Văn Hiếu,hieu.le@example.com
392,Đỗ Thị Nga,nga.do@example.com
393,Hoàng Văn Minh,minh.hoang@example.com
394,Bùi Thị Bích,bich.bui@example.com
395,Ngô Văn Thắng,thang.ngo@example.com
396,Phan Thị Ngọc,ngoc.phan@example.com
397,Lâm Văn An,an.lam@example.com
398,Mai Thị Thu,thu.mai@example.com
399,Nguyễn Văn Huy,huy.nguyen@example.com
400,Trần Thị Hồng,hong.tran@example.com
401,Vũ Văn Tùng,tung.vu@example.com
402,Phạm Thị Hải,hai.pham@example.com
403,Lê Văn Hùng,hung.le@example.com
404,Đỗ Thị Thảo,thao.do@example.com
405,Hoàng Văn Thắng,thang.hoang@example.com
406,Bùi Thị Linh,linh.bui@example.com
407,Ngô Văn Duy,duy.ngo@example.com
408,Phan Thị Diễm,diem.phan@example.com
409,Lâm Văn Lộc,loc.lam@example.com
410,Mai Thị Thúy,thuy.mai@example.com
411,Nguyễn Văn Dũng,dung.nguyen@example.com
412,Trần Thị Minh,minh.tran@example.com
413,Vũ Văn Lực,luc.vu@example.com
414,Phạm Thị Huyền,huyen.pham@example.com
415,Lê Văn An,an.le@example.com
416,Đỗ Thị Ánh,anh.do@example.com
417,Hoàng Văn Quý,quy.hoang@example.com
418,Bùi Thị Hiền,hien.bui@example.com
419,Ngô Văn Đức,duc.ngo@example.com
420,Phan Thị Lan Anh,anh.phan@example.com
421,Lâm Văn Thắng,thang.lam@example.com
422,Mai Thị Kim,kim.mai@example.com
423,Nguyễn Văn Kiên,kien.nguyen@example.com
424,Trần Thị Yến,yen.tran@example.com
425,Vũ Văn Khang,khang.vu@example.com
426,Phạm Thị Thúy,thuy.pham@example.com
427,Lê Văn Hùng,hung.le@example.com
428,Đỗ Thị Ngọc,ngoc.do@example.com
429,Hoàng Văn Phúc,phuc.hoang@example.com
430,Bùi Thị Thu,thu.bui@example.com
431,Ngô Văn Minh,minh.ngo@example.com
432,Phan Thị Diễm,diem.phan@example.com
433,Lâm Văn Hiệp,hiep.lam@example.com
434,Mai Thị Lan,lan.mai@example.com
435,Nguyễn Văn Duy,duy.nguyen@example.com
436,Trần Thị Huyền,huyen.tran@example.com
437,Vũ Văn Long,long.vu@example.com
438,Phạm Thị Mai,mai.pham@example.com
439,Lê Văn Đạt,dat.le@example.com
440,Đỗ Thị Linh,linh.do@example.com
441,Hoàng Văn Lộc,loc.hoang@example.com
442,Bùi Thị Thúy,thuy.bui@example.com
443,Ngô Văn Thành,thanh.ngo@example.com
444,Phan Thị Thảo,thao.phan@example.com
445,Lâm Văn Sang,sang.lam@example.com
446,Mai Thị Phương,phuong.mai@example.com
447,Nguyễn Văn Hưng,hung.nguyen@example.com
448,Trần Thị Anh,anh.tran@example.com
449,Vũ Văn An,an.vu@example.com
450,Phạm Thị Thu,thu.pham@example.com
451,Lê Văn Tùng,tung.le@example.com
452,Đỗ Thị Mai,mai.do@example.com
453,Hoàng Văn Cường,cuong.hoang@example.com
454,Bùi Thị Nhung,nhung.bui@example.com
455,Ngô Văn Huy,huy.ngo@example.com
456,Phan Thị Thúy,thuy.phan@example.com
457,Lâm Văn Đạt,dat.lam@example.com
458,Mai Thị Tuyết,tuyet.mai@example.com
459,Nguyễn Văn Thắng,thang.nguyen@example.com
460,Trần Thị Kim,kim.tran@example.com
461,Vũ Văn Hiệp,hiep.vu@example.com
462,Phạm Thị Ngọc,ngoc.pham@example.com
463,Lê Văn Lộc,loc.le@example.com
464,Đỗ Thị Thảo,thao.do@example.com
465,Hoàng Văn Kiên,kien.hoang@example.com
466,Bùi Thị Diệu,dieu.bui@example.com
467,Ngô Văn Phúc,phuc.ngo@example.com
468,Phan Thị Mai,mai.phan@example.com
469,Lâm Văn Cường,cuong.lam@example.com
470,Mai Thị Thủy,thuy.mai@example.com
471,Nguyễn Văn Đức,duc.nguyen@example.com
472,Trần Thị Kim,kim.tran@example.com
473,Vũ Văn Khang,khang.vu@example.com
474,Phạm Thị Thanh,thanh.pham@example.com
475,Lê Văn An,an.le@example.com
476,Đỗ Thị Minh,minh.do@example.com
477,Hoàng Văn Duy,duy.hoang@example.com
478,Bùi Thị Duyên,duyen.bui@example.com
479,Ngô Văn Thắng,thang.ngo@example.com
480,Phan Thị Loan,loan.phan@example.com
481,Lâm Văn Hùng,hung.lam@example.com
482,Mai Thị Ngọc,ngoc.mai@example.com
483,Nguyễn Văn Thắng,thang.nguyen@example.com
484,Trần Thị Hương,huong.tran@example.com
485,Vũ Văn Lộc,loc.vu@example.com
486,Phạm Thị Kiều,kieu.pham@example.com
487,Lê Văn Hiếu,hieu.le@example.com
488,Đỗ Thị Mai,mai.do@example.com
489,Hoàng Văn Cường,cuong.hoang@example.com
490,Bùi Thị Nga,nga.bui@example.com
491,Ngô Văn Mạnh,manh.ngo@example.com
492,Phan Thị Linh,linh.phan@example.com
493,Lâm Văn Phúc,phuc.lam@example.com
494,Mai Thị Thảo,thao.mai@example.com
495,Nguyễn Văn Nam,nam.nguyen@example.com
496,Trần Thị Trinh,trinh.tran@example.com
497,Vũ Văn Dũng,dung.vu@example.com
498,Phạm Thị Thùy,thuy.pham@example.com
499,Lê Văn Kiên,kien.le@example.com
500,Đỗ Thị Ngọc,ngoc.do@example.com
